Nome,Empresa,Tipo_Certificado,Avaliação,Dificuldade,alunos matriculados
Big Data,TechEdu,Curso,3.1,Avançado,257
Machine Learning,TechEdu,Curso,4.6,Iniciante,2308
Data Science com R,DataMasters,Especialização,3.8,Iniciante,4404
Machine Learning,InovaCursos,Curso,4.2,Misto,1925
SQL Básico,CodeLab,Especialização,1.8,Intermediário,3840
Data Science com R,InovaCursos,Curso,3.5,Misto,1958
Big Data,TechEdu,Curso,4.3,Avançado,452
Data Science com R,CodeLab,Curso,3.6,Intermediário,3099
Big Data,InovaCursos,Especialização,4.3,Iniciante,4502
Machine Learning,DataMasters,Curso,1.5,Intermediário,4000
Python para Iniciantes,InovaCursos,Especialização,3.4,Intermediário,1910
Big Data,InovaCursos,Curso,4.7,Misto,2196
Machine Learning,CodeLab,Curso,4.1,Intermediário,3161
Big Data,DataMasters,Curso,2.9,Misto,810
SQL Básico,TechEdu,Especialização,4.9,Misto,3191
SQL Básico,DataMasters,Curso,4.8,Intermediário,3048
Data Science com R,TechEdu,Especialização,4.8,Iniciante,3592
SQL Básico,InovaCursos,Curso,3.1,Avançado,1817
SQL Básico,InovaCursos,Especialização,2.9,Misto,3923
Python para Iniciantes,CodeLab,Curso,2.2,Avançado,2554
Data Science com R,DataMasters,Especialização,4.6,Avançado,1405
Python para Iniciantes,CodeLab,Curso,4,Intermediário,4397
Data Science com R,InovaCursos,Curso,3.9,Iniciante,3977
Python para Iniciantes,DataMasters,Especialização,1.7,Misto,4333
Data Science com R,DataMasters,Curso,3.8,Avançado,2999
SQL Básico,CodeLab,Especialização,1.5,Misto,4602
Python para Iniciantes,CodeLab,Especialização,1.2,Iniciante,437
Data Science com R,DataMasters,Curso,2.2,Misto,1673
SQL Básico,InovaCursos,Curso,3.3,Avançado,4261
Python para Iniciantes,DataMasters,Especialização,3.7,Iniciante,3380
Python para Iniciantes,CodeLab,Curso,3.1,Avançado,3680
Big Data,TechEdu,Curso,4.8,Iniciante,1573
SQL Básico,InovaCursos,Curso,1.5,Intermediário,4165
SQL Básico,DataMasters,Curso,1.8,Misto,2338
Python para Iniciantes,CodeLab,Especialização,3.1,Misto,1188
Data Science com R,TechEdu,Especialização,2.2,Avançado,3085
SQL Básico,InovaCursos,Curso,1.2,Misto,861
Data Science com R,TechEdu,Curso,1.6,Iniciante,2922
Machine Learning,TechEdu,Curso,2.4,Misto,583
Big Data,DataMasters,Especialização,4.6,Avançado,3011
SQL Básico,CodeLab,Especialização,3.2,Misto,1904
Python para Iniciantes,DataMasters,Especialização,2.4,Misto,442
Machine Learning,TechEdu,Especialização,2,Misto,3991
Python para Iniciantes,DataMasters,Especialização,2.9,Avançado,1718
Big Data,TechEdu,Especialização,3.7,Intermediário,80
Big Data,CodeLab,Curso,3.7,Avançado,1708
Big Data,TechEdu,Especialização,1.5,Avançado,4796
SQL Básico,InovaCursos,Especialização,1.4,Avançado,3568
SQL Básico,CodeLab,Especialização,3,Misto,4705
SQL Básico,DataMasters,Curso,1.7,Iniciante,3530
Big Data,TechEdu,Curso,4.9,Intermediário,3022
Python para Iniciantes,InovaCursos,Especialização,1.4,Intermediário,2955
SQL Básico,InovaCursos,Curso,4.5,Intermediário,4304
SQL Básico,InovaCursos,Especialização,3.5,Avançado,1725
SQL Básico,TechEdu,Especialização,1.9,Intermediário,486
Data Science com R,CodeLab,Curso,2.1,Intermediário,3350
Machine Learning,InovaCursos,Especialização,2.7,Avançado,2269
Data Science com R,DataMasters,Curso,4.7,Intermediário,2550
Python para Iniciantes,CodeLab,Curso,4,Misto,2910
Big Data,InovaCursos,Especialização,2.3,Avançado,326
Data Science com R,InovaCursos,Curso,4.2,Iniciante,2808
Big Data,CodeLab,Especialização,3.4,Intermediário,3034
Data Science com R,TechEdu,Curso,3,Misto,1887
SQL Básico,InovaCursos,Especialização,4.4,Iniciante,3386
Data Science com R,CodeLab,Especialização,1.2,Misto,2671
Machine Learning,InovaCursos,Especialização,2.7,Avançado,2106
SQL Básico,DataMasters,Curso,4.1,Iniciante,2844
Big Data,InovaCursos,Especialização,3.6,Misto,4085
Machine Learning,TechEdu,Especialização,2,Avançado,2427
Big Data,InovaCursos,Curso,4.4,Iniciante,3712
SQL Básico,TechEdu,Curso,1.9,Intermediário,1288
Big Data,DataMasters,Curso,4.8,Misto,3126
Data Science com R,DataMasters,Especialização,1.1,Iniciante,1364
Python para Iniciantes,CodeLab,Especialização,2.6,Misto,4744
SQL Básico,InovaCursos,Especialização,4.9,Intermediário,2188
Data Science com R,TechEdu,Especialização,3.1,Intermediário,2082
Machine Learning,DataMasters,Especialização,1,Misto,1708
Machine Learning,DataMasters,Especialização,4,Misto,3818
Data Science com R,InovaCursos,Especialização,2.8,Misto,4112
Machine Learning,DataMasters,Especialização,4.4,Intermediário,3334
SQL Básico,CodeLab,Especialização,3.5,Misto,1711
Data Science com R,DataMasters,Especialização,4.6,Avançado,4604
Machine Learning,InovaCursos,Especialização,4.1,Intermediário,4577
SQL Básico,CodeLab,Especialização,2.8,Avançado,4141
Python para Iniciantes,InovaCursos,Especialização,2.7,Misto,3230
Big Data,DataMasters,Curso,2.6,Misto,4188
SQL Básico,TechEdu,Curso,3.3,Intermediário,2299
Big Data,TechEdu,Curso,3,Intermediário,2932
SQL Básico,TechEdu,Curso,4.8,Intermediário,1858
Data Science com R,DataMasters,Curso,4.9,Intermediário,4508
SQL Básico,CodeLab,Curso,1.4,Misto,3844
SQL Básico,CodeLab,Curso,1.7,Iniciante,1923
Big Data,DataMasters,Especialização,4.4,Avançado,2547
Data Science com R,TechEdu,Curso,2.3,Avançado,2172
SQL Básico,DataMasters,Especialização,1.1,Avançado,2494
Data Science com R,InovaCursos,Curso,3.7,Misto,576
Machine Learning,InovaCursos,Especialização,3.6,Intermediário,3087
Machine Learning,InovaCursos,Especialização,1,Iniciante,1706
Big Data,DataMasters,Especialização,3.4,Iniciante,4772
Big Data,DataMasters,Especialização,3.7,Avançado,776
Python para Iniciantes,DataMasters,Especialização,1.9,Iniciante,2641
Machine Learning,CodeLab,Curso,2.9,Intermediário,2418
Data Science com R,DataMasters,Curso,4.9,Intermediário,4943
Machine Learning,CodeLab,Curso,1.8,Avançado,2502
SQL Básico,InovaCursos,Especialização,2.9,Misto,4125
Big Data,TechEdu,Especialização,3.4,Iniciante,4380
Python para Iniciantes,InovaCursos,Especialização,1.4,Misto,4117
Data Science com R,DataMasters,Curso,3.5,Iniciante,2945
Data Science com R,CodeLab,Especialização,1.3,Misto,4539
Data Science com R,InovaCursos,Especialização,1.3,Intermediário,3380
SQL Básico,TechEdu,Curso,3.6,Iniciante,4172
Python para Iniciantes,CodeLab,Curso,3.2,Intermediário,1904
SQL Básico,DataMasters,Curso,1.9,Avançado,3266
Machine Learning,InovaCursos,Especialização,3.2,Iniciante,2804
SQL Básico,CodeLab,Especialização,4.1,Avançado,4416
Python para Iniciantes,CodeLab,Especialização,2,Intermediário,2847
Machine Learning,CodeLab,Curso,1.6,Intermediário,1877
Machine Learning,CodeLab,Curso,3.2,Iniciante,2988
Machine Learning,DataMasters,Curso,3.7,Intermediário,4108
Big Data,CodeLab,Especialização,2.7,Avançado,2409
Python para Iniciantes,TechEdu,Curso,4.3,Avançado,3332
SQL Básico,DataMasters,Especialização,2.9,Iniciante,3263
Machine Learning,InovaCursos,Curso,2.6,Misto,2987
SQL Básico,CodeLab,Especialização,4.7,Avançado,2605
Python para Iniciantes,InovaCursos,Curso,4.9,Avançado,4374
Data Science com R,InovaCursos,Curso,1.1,Misto,2523
Machine Learning,DataMasters,Curso,4.7,Intermediário,3694
Data Science com R,TechEdu,Especialização,2.2,Iniciante,310
Data Science com R,CodeLab,Curso,1.1,Avançado,4309
SQL Básico,InovaCursos,Especialização,4.9,Avançado,3599
Data Science com R,InovaCursos,Especialização,3.2,Misto,1809
Big Data,CodeLab,Curso,1.1,Misto,825
Machine Learning,InovaCursos,Especialização,4.2,Misto,1671
Big Data,TechEdu,Especialização,2.7,Intermediário,510
SQL Básico,InovaCursos,Especialização,1.6,Avançado,2424
Big Data,CodeLab,Especialização,5,Intermediário,4946
SQL Básico,InovaCursos,Especialização,1.7,Iniciante,1888
Machine Learning,InovaCursos,Especialização,3.6,Intermediário,3422
Data Science com R,CodeLab,Especialização,1.7,Intermediário,3602
Data Science com R,DataMasters,Curso,2.4,Avançado,766
Machine Learning,DataMasters,Curso,3.9,Avançado,4854
SQL Básico,TechEdu,Especialização,3.5,Intermediário,4184
SQL Básico,CodeLab,Curso,4.8,Intermediário,2135
Data Science com R,DataMasters,Curso,1.5,Intermediário,579
Big Data,InovaCursos,Curso,3.7,Iniciante,623
Machine Learning,InovaCursos,Especialização,3.7,Misto,3506
Data Science com R,CodeLab,Curso,4.2,Misto,814
Data Science com R,InovaCursos,Curso,1.5,Avançado,1643
SQL Básico,CodeLab,Curso,1.9,Intermediário,4895
Python para Iniciantes,DataMasters,Curso,2.4,Avançado,491
SQL Básico,InovaCursos,Especialização,2.2,Misto,2009
Python para Iniciantes,CodeLab,Especialização,4.4,Intermediário,2545
Machine Learning,CodeLab,Curso,2.5,Intermediário,1820
Big Data,DataMasters,Especialização,3.5,Misto,4760
Python para Iniciantes,DataMasters,Curso,2.3,Avançado,2772
Machine Learning,CodeLab,Curso,3,Avançado,4236
Python para Iniciantes,DataMasters,Especialização,4.1,Iniciante,2906
Data Science com R,CodeLab,Especialização,2.4,Avançado,1913
Machine Learning,InovaCursos,Curso,2.8,Misto,979
Python para Iniciantes,TechEdu,Especialização,1.5,Avançado,3272
Machine Learning,InovaCursos,Especialização,4.9,Misto,712
Big Data,InovaCursos,Curso,2.9,Intermediário,2156
Machine Learning,InovaCursos,Curso,2.4,Misto,1956
Data Science com R,InovaCursos,Especialização,3.1,Iniciante,360
Data Science com R,TechEdu,Curso,2.4,Iniciante,1133
Big Data,CodeLab,Especialização,4.3,Avançado,1387
Big Data,InovaCursos,Curso,2.1,Iniciante,1093
Machine Learning,InovaCursos,Curso,1.3,Avançado,1246
Data Science com R,InovaCursos,Curso,2.7,Avançado,3825
Machine Learning,CodeLab,Curso,2.3,Iniciante,3545
Machine Learning,InovaCursos,Curso,2.1,Avançado,4575
Data Science com R,DataMasters,Curso,3.5,Iniciante,4963
Machine Learning,TechEdu,Curso,1.8,Iniciante,181
Python para Iniciantes,TechEdu,Especialização,1.5,Avançado,2446
Machine Learning,InovaCursos,Curso,4.6,Avançado,1623
SQL Básico,InovaCursos,Curso,3,Avançado,2906
Data Science com R,TechEdu,Especialização,2,Iniciante,3750
Big Data,DataMasters,Curso,2.3,Avançado,4765
SQL Básico,CodeLab,Especialização,4.3,Intermediário,1090
Machine Learning,InovaCursos,Curso,4.5,Intermediário,4621
Python para Iniciantes,InovaCursos,Curso,2.2,Iniciante,3738
Python para Iniciantes,InovaCursos,Curso,3.3,Avançado,4577
Data Science com R,CodeLab,Curso,4.2,Intermediário,1194
Machine Learning,TechEdu,Especialização,2.8,Iniciante,3346
Python para Iniciantes,TechEdu,Especialização,4.3,Avançado,3811
Python para Iniciantes,TechEdu,Especialização,2.5,Iniciante,951
SQL Básico,DataMasters,Especialização,3.4,Iniciante,1746
SQL Básico,InovaCursos,Especialização,3,Iniciante,965
Big Data,TechEdu,Especialização,1.1,Avançado,4315
Machine Learning,InovaCursos,Curso,1.2,Misto,1110
Machine Learning,InovaCursos,Especialização,4.5,Iniciante,3237
Big Data,TechEdu,Curso,3,Misto,3855
Big Data,CodeLab,Curso,2.3,Intermediário,2173
SQL Básico,InovaCursos,Curso,2.1,Avançado,3453
Data Science com R,CodeLab,Curso,1.1,Intermediário,1302
Data Science com R,InovaCursos,Especialização,4.6,Avançado,3707
Data Science com R,TechEdu,Curso,1.7,Avançado,3638
Big Data,InovaCursos,Especialização,3.6,Avançado,1228
Python para Iniciantes,CodeLab,Especialização,2.6,Iniciante,4409
Data Science com R,DataMasters,Curso,4.9,Intermediário,830
Big Data,InovaCursos,Curso,2.6,Intermediário,3424
Machine Learning,DataMasters,Especialização,2.6,Intermediário,1796
Data Science com R,CodeLab,Curso,4.3,Misto,3967
Big Data,DataMasters,Curso,3.7,Intermediário,1983
Data Science com R,CodeLab,Especialização,2.4,Avançado,4855
Machine Learning,InovaCursos,Especialização,1.8,Avançado,4699
SQL Básico,InovaCursos,Curso,3.2,Intermediário,4662
SQL Básico,CodeLab,Especialização,3.2,Misto,2667
Big Data,InovaCursos,Especialização,3.6,Iniciante,4467
Big Data,InovaCursos,Curso,1.8,Iniciante,4216
Big Data,TechEdu,Especialização,4.5,Misto,1405
Machine Learning,TechEdu,Especialização,3.9,Avançado,537
SQL Básico,DataMasters,Especialização,1.8,Misto,453
Data Science com R,TechEdu,Especialização,1.1,Misto,2789
Machine Learning,CodeLab,Curso,2.1,Avançado,2482
Python para Iniciantes,CodeLab,Especialização,2.3,Intermediário,3195
Big Data,TechEdu,Especialização,3.2,Avançado,1812
Big Data,DataMasters,Curso,2.1,Misto,3080
Machine Learning,DataMasters,Especialização,4,Avançado,131
Machine Learning,DataMasters,Curso,2.9,Avançado,3723
Big Data,DataMasters,Curso,3.7,Misto,806
Machine Learning,InovaCursos,Curso,4.3,Iniciante,740
SQL Básico,InovaCursos,Curso,3.7,Misto,3795
Data Science com R,CodeLab,Especialização,2.9,Intermediário,478
Big Data,DataMasters,Especialização,4.1,Avançado,3093
SQL Básico,DataMasters,Especialização,1.3,Intermediário,415
Python para Iniciantes,DataMasters,Especialização,1.2,Avançado,2480
Big Data,TechEdu,Especialização,2.2,Iniciante,1937
Python para Iniciantes,InovaCursos,Especialização,3.2,Misto,4176
Machine Learning,DataMasters,Especialização,2.4,Misto,4937
Data Science com R,TechEdu,Especialização,2.1,Iniciante,3540
Data Science com R,DataMasters,Especialização,3.4,Intermediário,1801
Big Data,CodeLab,Especialização,3.4,Iniciante,1146
Big Data,CodeLab,Especialização,2.7,Avançado,3067
Python para Iniciantes,InovaCursos,Especialização,2.7,Avançado,2522
Python para Iniciantes,DataMasters,Especialização,1.7,Iniciante,799
SQL Básico,DataMasters,Especialização,4.8,Misto,980
SQL Básico,CodeLab,Especialização,2.5,Avançado,3244
Big Data,InovaCursos,Especialização,1.8,Avançado,3164
Big Data,DataMasters,Especialização,4.2,Iniciante,1982
SQL Básico,CodeLab,Especialização,3.2,Intermediário,181
Data Science com R,TechEdu,Curso,3.8,Iniciante,3576
Python para Iniciantes,DataMasters,Especialização,4,Misto,2188
SQL Básico,InovaCursos,Especialização,4.9,Intermediário,4428
SQL Básico,CodeLab,Especialização,2.6,Iniciante,267
Big Data,CodeLab,Curso,2.8,Misto,3462
SQL Básico,TechEdu,Curso,4.7,Misto,1431
Data Science com R,InovaCursos,Curso,2.3,Avançado,3867
Big Data,CodeLab,Especialização,2.6,Iniciante,1393
SQL Básico,InovaCursos,Especialização,4.7,Avançado,3282
SQL Básico,CodeLab,Especialização,1.9,Iniciante,1870
Machine Learning,CodeLab,Curso,1.1,Misto,3244
Data Science com R,CodeLab,Especialização,5,Intermediário,1598
Machine Learning,DataMasters,Especialização,4.8,Intermediário,3131
Python para Iniciantes,DataMasters,Curso,3.3,Iniciante,1618
Machine Learning,DataMasters,Especialização,2.7,Misto,2093
Python para Iniciantes,CodeLab,Especialização,2.6,Avançado,1105
Big Data,InovaCursos,Especialização,1.4,Misto,2084
Data Science com R,InovaCursos,Curso,4.7,Misto,1640
Big Data,CodeLab,Especialização,4.7,Iniciante,3828
Python para Iniciantes,InovaCursos,Especialização,2.8,Iniciante,2038
SQL Básico,TechEdu,Curso,2.3,Intermediário,2865
Python para Iniciantes,TechEdu,Especialização,3.9,Avançado,391
Python para Iniciantes,DataMasters,Especialização,2.5,Intermediário,831
Data Science com R,CodeLab,Curso,1.9,Iniciante,3553
Machine Learning,TechEdu,Curso,5,Intermediário,1209
Python para Iniciantes,InovaCursos,Especialização,4,Avançado,4586
Machine Learning,TechEdu,Curso,3.3,Iniciante,1536
Big Data,CodeLab,Especialização,3.9,Misto,1444
Data Science com R,DataMasters,Curso,1.8,Misto,4605
Machine Learning,CodeLab,Especialização,3.9,Avançado,3117
Big Data,DataMasters,Especialização,3,Iniciante,1227
Data Science com R,TechEdu,Especialização,2.6,Misto,2810
Data Science com R,CodeLab,Especialização,2.5,Intermediário,1332
SQL Básico,CodeLab,Curso,3.6,Misto,1950
SQL Básico,CodeLab,Curso,3.3,Iniciante,1005
Big Data,CodeLab,Especialização,2.3,Misto,4984
SQL Básico,DataMasters,Especialização,4,Avançado,199
Big Data,TechEdu,Curso,1.6,Iniciante,2629
SQL Básico,InovaCursos,Curso,4.7,Misto,382
SQL Básico,InovaCursos,Especialização,4.4,Intermediário,2043
Python para Iniciantes,InovaCursos,Especialização,2.2,Avançado,3978
Machine Learning,CodeLab,Especialização,3.3,Misto,1048
Python para Iniciantes,InovaCursos,Curso,2.9,Misto,582
Machine Learning,InovaCursos,Especialização,4.7,Intermediário,240
Data Science com R,InovaCursos,Especialização,2.8,Avançado,4636
Big Data,DataMasters,Curso,5,Iniciante,3621
SQL Básico,DataMasters,Especialização,2.1,Iniciante,562
Machine Learning,InovaCursos,Especialização,3.9,Misto,860
Machine Learning,TechEdu,Curso,1.9,Avançado,569
Python para Iniciantes,TechEdu,Curso,1.3,Intermediário,933
Python para Iniciantes,CodeLab,Curso,3.3,Intermediário,873
Machine Learning,DataMasters,Especialização,2,Avançado,3271
Big Data,DataMasters,Curso,3.3,Misto,3350
Machine Learning,TechEdu,Curso,4.5,Misto,1110
Machine Learning,InovaCursos,Especialização,1,Intermediário,3482
SQL Básico,CodeLab,Curso,4.5,Iniciante,2266
Data Science com R,TechEdu,Curso,2.6,Iniciante,3606
Big Data,TechEdu,Curso,3.1,Misto,3013
SQL Básico,DataMasters,Especialização,4.4,Intermediário,1560
Big Data,CodeLab,Especialização,4.8,Intermediário,4317
Big Data,CodeLab,Curso,1.1,Iniciante,2803
Data Science com R,CodeLab,Curso,1.7,Avançado,1831
Data Science com R,InovaCursos,Curso,2.4,Intermediário,4845
Python para Iniciantes,InovaCursos,Curso,4.8,Intermediário,1286
SQL Básico,CodeLab,Especialização,4,Avançado,3745
Python para Iniciantes,DataMasters,Curso,1.3,Iniciante,3374
Data Science com R,CodeLab,Especialização,1.8,Misto,739
Data Science com R,DataMasters,Curso,3.6,Avançado,4599
Python para Iniciantes,InovaCursos,Especialização,4,Iniciante,3994
SQL Básico,DataMasters,Curso,2.2,Intermediário,1054
Machine Learning,InovaCursos,Especialização,2.7,Misto,1831
Big Data,InovaCursos,Especialização,2.2,Avançado,1989
Python para Iniciantes,InovaCursos,Curso,2.4,Iniciante,4549
SQL Básico,InovaCursos,Curso,1.5,Iniciante,3233
Big Data,DataMasters,Especialização,1.6,Misto,2261
Big Data,DataMasters,Curso,4.3,Misto,2246
SQL Básico,CodeLab,Especialização,3.2,Iniciante,1371
Big Data,TechEdu,Curso,4.9,Iniciante,3617
Big Data,TechEdu,Especialização,4.8,Misto,4937
Big Data,DataMasters,Especialização,3.8,Misto,4988
Machine Learning,CodeLab,Curso,3.7,Avançado,1236
Python para Iniciantes,CodeLab,Curso,4.7,Iniciante,3940
Data Science com R,InovaCursos,Curso,1.8,Misto,4109
Big Data,DataMasters,Especialização,2.6,Misto,500
Python para Iniciantes,InovaCursos,Curso,1.6,Iniciante,1849
Python para Iniciantes,CodeLab,Especialização,3.8,Misto,1872
Big Data,CodeLab,Especialização,3.9,Intermediário,1707
Machine Learning,InovaCursos,Curso,4.9,Misto,4532
Big Data,TechEdu,Especialização,4.4,Avançado,1932
Big Data,InovaCursos,Especialização,4,Avançado,3254
Big Data,TechEdu,Especialização,1,Intermediário,927
Python para Iniciantes,CodeLab,Especialização,4.1,Iniciante,307
Big Data,TechEdu,Especialização,4.5,Misto,1433
Python para Iniciantes,CodeLab,Especialização,3.1,Avançado,934
Python para Iniciantes,InovaCursos,Especialização,3,Avançado,2516
Python para Iniciantes,InovaCursos,Especialização,1.7,Iniciante,1098
Big Data,InovaCursos,Curso,4.1,Iniciante,3725
Data Science com R,CodeLab,Curso,4.8,Misto,1493
Big Data,DataMasters,Especialização,4.1,Misto,2282
Data Science com R,DataMasters,Curso,2.2,Iniciante,462
Big Data,DataMasters,Curso,3,Intermediário,1763
Big Data,TechEdu,Especialização,3.2,Misto,4370
Data Science com R,CodeLab,Curso,2.8,Iniciante,2900
Big Data,DataMasters,Especialização,2.3,Avançado,3649
Big Data,TechEdu,Especialização,1.7,Misto,1274
SQL Básico,CodeLab,Especialização,1.9,Intermediário,4798
Python para Iniciantes,CodeLab,Especialização,4.4,Iniciante,3020
Machine Learning,TechEdu,Especialização,4.1,Avançado,404
SQL Básico,CodeLab,Curso,2.2,Misto,3695
Python para Iniciantes,InovaCursos,Especialização,3.9,Misto,1514
Big Data,CodeLab,Especialização,3.8,Avançado,2257
SQL Básico,TechEdu,Curso,4.4,Avançado,3447
Data Science com R,TechEdu,Curso,2.5,Iniciante,1475
SQL Básico,DataMasters,Especialização,1.4,Avançado,3410
Data Science com R,CodeLab,Especialização,1.9,Avançado,1889
Big Data,DataMasters,Curso,3.4,Misto,4187
Big Data,InovaCursos,Especialização,1.5,Avançado,4481
Data Science com R,InovaCursos,Especialização,4.5,Iniciante,4888
Data Science com R,CodeLab,Curso,4.3,Intermediário,987
Data Science com R,InovaCursos,Curso,1,Misto,2917
Big Data,InovaCursos,Especialização,3.9,Intermediário,3962
Machine Learning,CodeLab,Curso,3.6,Avançado,2507
SQL Básico,CodeLab,Curso,3.8,Intermediário,1074
Python para Iniciantes,InovaCursos,Especialização,4.2,Misto,3164
Machine Learning,DataMasters,Curso,4,Intermediário,3056
Data Science com R,InovaCursos,Curso,3.9,Misto,1514
Machine Learning,TechEdu,Curso,3.2,Iniciante,2401
Big Data,DataMasters,Curso,4.4,Intermediário,97
Machine Learning,InovaCursos,Curso,4,Iniciante,3514
Data Science com R,TechEdu,Especialização,3.9,Avançado,1384
Data Science com R,InovaCursos,Curso,1.7,Intermediário,2571
SQL Básico,CodeLab,Especialização,4.9,Iniciante,1124
Big Data,CodeLab,Especialização,2.2,Intermediário,3811
Big Data,CodeLab,Curso,1.8,Avançado,2058
Data Science com R,DataMasters,Curso,3.7,Avançado,3478
Big Data,CodeLab,Especialização,2.2,Avançado,4205
Big Data,InovaCursos,Curso,2.5,Iniciante,2058
Machine Learning,CodeLab,Especialização,3.6,Misto,3092
SQL Básico,InovaCursos,Especialização,4.2,Iniciante,620
Big Data,DataMasters,Curso,3,Intermediário,1044
Big Data,TechEdu,Especialização,4,Avançado,3050
Python para Iniciantes,DataMasters,Curso,4,Intermediário,1562
Python para Iniciantes,CodeLab,Curso,2,Iniciante,266
Machine Learning,CodeLab,Especialização,3.4,Avançado,3077
SQL Básico,DataMasters,Curso,2.4,Avançado,4286
Big Data,InovaCursos,Curso,4.6,Misto,79
Python para Iniciantes,CodeLab,Curso,4,Avançado,4329
Python para Iniciantes,InovaCursos,Curso,3.8,Intermediário,3405
SQL Básico,DataMasters,Curso,2,Iniciante,3884
Data Science com R,TechEdu,Especialização,4.7,Avançado,3215
Data Science com R,InovaCursos,Especialização,4.9,Intermediário,352
Data Science com R,DataMasters,Especialização,1.8,Intermediário,2947
SQL Básico,CodeLab,Curso,4.1,Misto,4883
Machine Learning,TechEdu,Especialização,3.2,Iniciante,1000
Machine Learning,TechEdu,Especialização,1.1,Intermediário,2001
SQL Básico,DataMasters,Especialização,2.6,Avançado,4497
Machine Learning,InovaCursos,Especialização,3.5,Intermediário,4564
Machine Learning,CodeLab,Curso,2,Intermediário,4532
Python para Iniciantes,DataMasters,Curso,2.1,Avançado,4444
Machine Learning,CodeLab,Especialização,3.5,Misto,4141
Data Science com R,TechEdu,Curso,1.6,Iniciante,647
Big Data,TechEdu,Curso,3.3,Iniciante,2412
Machine Learning,CodeLab,Curso,3.4,Misto,1705
Data Science com R,TechEdu,Curso,3.7,Misto,729
Big Data,TechEdu,Especialização,4.6,Intermediário,2322
Data Science com R,CodeLab,Curso,2.8,Iniciante,2364
SQL Básico,TechEdu,Curso,2.7,Intermediário,1206
SQL Básico,TechEdu,Curso,2.6,Misto,4652
Big Data,TechEdu,Curso,3.6,Misto,4500
Python para Iniciantes,InovaCursos,Especialização,5,Misto,1130
Python para Iniciantes,InovaCursos,Curso,4,Intermediário,2702
Big Data,DataMasters,Especialização,4.9,Iniciante,3050
Machine Learning,DataMasters,Especialização,1.3,Intermediário,720
Data Science com R,CodeLab,Curso,2.7,Avançado,4224
Data Science com R,TechEdu,Especialização,2.3,Iniciante,1180
Big Data,TechEdu,Curso,3.2,Avançado,3435
Machine Learning,InovaCursos,Curso,4.4,Avançado,391
Machine Learning,InovaCursos,Curso,3.1,Intermediário,3069
Big Data,TechEdu,Curso,4.2,Iniciante,5000
Machine Learning,TechEdu,Especialização,2.9,Avançado,4534
Big Data,InovaCursos,Especialização,1.1,Iniciante,422
Big Data,CodeLab,Curso,2.7,Intermediário,3779
Python para Iniciantes,InovaCursos,Curso,4.8,Misto,3929
Python para Iniciantes,TechEdu,Especialização,2.8,Avançado,3058
Machine Learning,TechEdu,Curso,1,Intermediário,3715
SQL Básico,DataMasters,Especialização,3.9,Iniciante,932
Data Science com R,CodeLab,Especialização,4.8,Iniciante,2474
Big Data,DataMasters,Curso,4.2,Misto,4638
Python para Iniciantes,CodeLab,Curso,1.6,Misto,2762
Big Data,TechEdu,Especialização,4.2,Misto,4253
Machine Learning,CodeLab,Especialização,4.2,Intermediário,2012
Big Data,DataMasters,Especialização,4.3,Misto,4053
Big Data,TechEdu,Curso,3.1,Iniciante,4203
Machine Learning,DataMasters,Curso,2.3,Misto,2020
Big Data,TechEdu,Curso,2.1,Avançado,2391
Machine Learning,CodeLab,Especialização,2.5,Intermediário,4801
SQL Básico,DataMasters,Curso,3.4,Intermediário,119
SQL Básico,CodeLab,Especialização,4.1,Avançado,3100
Machine Learning,CodeLab,Especialização,3.4,Avançado,1013
Data Science com R,InovaCursos,Especialização,4.4,Intermediário,1418
SQL Básico,DataMasters,Curso,2.7,Misto,564
Python para Iniciantes,DataMasters,Especialização,2.9,Avançado,4987
SQL Básico,InovaCursos,Especialização,4.3,Avançado,3081
Data Science com R,TechEdu,Especialização,3.7,Misto,4699
SQL Básico,InovaCursos,Curso,2.6,Avançado,133
Big Data,TechEdu,Especialização,1.6,Avançado,4333
Machine Learning,DataMasters,Especialização,3,Intermediário,2057
SQL Básico,CodeLab,Curso,5,Avançado,4492
Python para Iniciantes,CodeLab,Curso,4.5,Avançado,942
Data Science com R,TechEdu,Curso,4.9,Iniciante,1894
Big Data,TechEdu,Especialização,2,Intermediário,377
Python para Iniciantes,TechEdu,Especialização,4.1,Misto,2196
Data Science com R,InovaCursos,Curso,4.8,Misto,3272
SQL Básico,CodeLab,Especialização,3.5,Avançado,4627
Python para Iniciantes,DataMasters,Curso,1.5,Avançado,134
Python para Iniciantes,DataMasters,Curso,2.3,Intermediário,782
Machine Learning,InovaCursos,Curso,4.8,Misto,3002
SQL Básico,CodeLab,Curso,2.9,Misto,4473
Machine Learning,CodeLab,Curso,3.2,Misto,1246
Machine Learning,DataMasters,Especialização,1.4,Iniciante,4602
Python para Iniciantes,DataMasters,Curso,5,Intermediário,3520
Python para Iniciantes,InovaCursos,Especialização,2.9,Intermediário,2657
Python para Iniciantes,CodeLab,Especialização,2.3,Iniciante,1844
Machine Learning,CodeLab,Especialização,2.7,Avançado,4857
Machine Learning,TechEdu,Curso,2,Intermediário,778
SQL Básico,TechEdu,Especialização,2,Avançado,2289
Machine Learning,DataMasters,Especialização,1.7,Intermediário,2924
SQL Básico,InovaCursos,Curso,1.4,Misto,2448
SQL Básico,InovaCursos,Curso,1.7,Intermediário,1250
Python para Iniciantes,TechEdu,Curso,2,Intermediário,3695
Data Science com R,TechEdu,Curso,2,Intermediário,3487
Big Data,TechEdu,Especialização,3.9,Avançado,2273
Big Data,InovaCursos,Especialização,2,Iniciante,3623
Python para Iniciantes,DataMasters,Especialização,2.5,Avançado,3199
Machine Learning,DataMasters,Especialização,4.5,Iniciante,1713
Machine Learning,CodeLab,Curso,1.8,Avançado,1302
Big Data,InovaCursos,Curso,3.9,Misto,2743
Data Science com R,InovaCursos,Curso,3.6,Intermediário,2199
Big Data,InovaCursos,Especialização,1.3,Intermediário,2554
Data Science com R,TechEdu,Especialização,4.3,Avançado,3508
Machine Learning,InovaCursos,Especialização,3,Misto,3835
Data Science com R,TechEdu,Especialização,4.8,Iniciante,3623
Machine Learning,TechEdu,Especialização,2.3,Avançado,2386
Machine Learning,CodeLab,Especialização,1.9,Avançado,3615
Big Data,DataMasters,Especialização,4.3,Iniciante,4652
Data Science com R,InovaCursos,Especialização,3.1,Iniciante,2840
Machine Learning,DataMasters,Especialização,4.1,Intermediário,1233
Machine Learning,DataMasters,Curso,4.7,Iniciante,2608
Data Science com R,DataMasters,Especialização,2.4,Iniciante,2900
Data Science com R,TechEdu,Curso,1.4,Intermediário,1569
Big Data,DataMasters,Especialização,2.1,Avançado,269
Big Data,CodeLab,Especialização,4.5,Intermediário,238
Machine Learning,DataMasters,Curso,3.5,Iniciante,3980
Python para Iniciantes,InovaCursos,Especialização,3.1,Avançado,1887
Big Data,TechEdu,Especialização,4.1,Misto,581
Machine Learning,InovaCursos,Especialização,4.1,Iniciante,1902
Data Science com R,InovaCursos,Curso,5,Intermediário,2379
Data Science com R,InovaCursos,Curso,4.7,Avançado,3692
Data Science com R,CodeLab,Especialização,2.5,Iniciante,254
Machine Learning,CodeLab,Curso,1.2,Avançado,1848
Data Science com R,TechEdu,Curso,4.9,Misto,82
SQL Básico,InovaCursos,Curso,1.9,Avançado,1256
Data Science com R,InovaCursos,Curso,3.9,Iniciante,3835
Machine Learning,TechEdu,Curso,4.5,Intermediário,1408
SQL Básico,CodeLab,Especialização,1.7,Misto,120
Machine Learning,DataMasters,Curso,1.7,Iniciante,4418
Python para Iniciantes,InovaCursos,Curso,4.8,Iniciante,1736
Python para Iniciantes,TechEdu,Curso,2.3,Avançado,766
Python para Iniciantes,CodeLab,Curso,3.2,Intermediário,2069
Big Data,TechEdu,Curso,1.5,Iniciante,1793
Python para Iniciantes,CodeLab,Curso,1.7,Avançado,1654
Machine Learning,DataMasters,Curso,3.7,Intermediário,118
Data Science com R,InovaCursos,Curso,2,Misto,2402
Python para Iniciantes,InovaCursos,Curso,4.2,Intermediário,2627
Big Data,TechEdu,Curso,3.4,Iniciante,4780
Python para Iniciantes,InovaCursos,Especialização,4.7,Avançado,3336
Python para Iniciantes,InovaCursos,Especialização,4,Avançado,3104
Python para Iniciantes,DataMasters,Curso,1.9,Avançado,345
SQL Básico,CodeLab,Curso,4.4,Intermediário,4512
SQL Básico,InovaCursos,Especialização,3.5,Iniciante,4485
Machine Learning,CodeLab,Especialização,4.4,Avançado,4565
Machine Learning,InovaCursos,Curso,1.9,Iniciante,4031
Big Data,DataMasters,Curso,3.5,Avançado,4999
Big Data,DataMasters,Especialização,3.8,Misto,2279
Machine Learning,DataMasters,Curso,4.8,Iniciante,3886
SQL Básico,TechEdu,Especialização,2.3,Intermediário,2618
SQL Básico,CodeLab,Curso,4.8,Misto,4825
Machine Learning,DataMasters,Especialização,5,Avançado,461
Big Data,InovaCursos,Curso,2.5,Intermediário,1588
Machine Learning,CodeLab,Especialização,4.5,Iniciante,2128
Machine Learning,DataMasters,Especialização,3.3,Intermediário,3622
Python para Iniciantes,InovaCursos,Curso,4.8,Misto,2733
SQL Básico,DataMasters,Curso,4.4,Iniciante,1363
Big Data,TechEdu,Especialização,5,Iniciante,4327
Data Science com R,CodeLab,Curso,1.9,Iniciante,4364
SQL Básico,CodeLab,Especialização,1.5,Avançado,4021
Big Data,CodeLab,Curso,3.9,Misto,4949
Python para Iniciantes,DataMasters,Curso,4.3,Misto,727
Big Data,InovaCursos,Especialização,2.4,Misto,4871
Big Data,TechEdu,Especialização,2.8,Intermediário,2485
Python para Iniciantes,DataMasters,Curso,4.8,Intermediário,2671
Data Science com R,InovaCursos,Curso,3.9,Avançado,4750
Python para Iniciantes,InovaCursos,Especialização,4.5,Intermediário,915
SQL Básico,InovaCursos,Especialização,4.3,Avançado,1146
SQL Básico,TechEdu,Especialização,2.9,Intermediário,1625
Machine Learning,TechEdu,Curso,5,Iniciante,3670
Machine Learning,InovaCursos,Curso,3.3,Avançado,258
SQL Básico,InovaCursos,Especialização,4.2,Intermediário,1986
SQL Básico,InovaCursos,Especialização,4.8,Avançado,3396
Machine Learning,TechEdu,Especialização,4.4,Avançado,1886
Big Data,TechEdu,Especialização,4.2,Intermediário,713
Python para Iniciantes,CodeLab,Curso,2.4,Misto,2189
SQL Básico,DataMasters,Curso,4.5,Misto,3760
Python para Iniciantes,InovaCursos,Curso,2.7,Avançado,4968
SQL Básico,CodeLab,Curso,4.1,Avançado,1603
Python para Iniciantes,TechEdu,Especialização,3.2,Iniciante,4204
SQL Básico,CodeLab,Curso,4.5,Avançado,4152
Data Science com R,DataMasters,Curso,4.7,Misto,2552
Python para Iniciantes,DataMasters,Curso,2.9,Misto,1171
Big Data,DataMasters,Especialização,1.7,Misto,3489
Python para Iniciantes,InovaCursos,Especialização,3.9,Misto,4610
Machine Learning,DataMasters,Especialização,1.2,Iniciante,4921
Machine Learning,CodeLab,Curso,2.9,Intermediário,1501
Machine Learning,InovaCursos,Curso,4.2,Intermediário,1423
Big Data,TechEdu,Curso,4,Iniciante,4923
SQL Básico,TechEdu,Curso,3.5,Misto,3009
Python para Iniciantes,InovaCursos,Especialização,3.9,Misto,2853
Machine Learning,InovaCursos,Especialização,1.7,Misto,2306
Python para Iniciantes,InovaCursos,Especialização,2.4,Avançado,2618
Machine Learning,InovaCursos,Curso,3.5,Avançado,4405
SQL Básico,DataMasters,Especialização,3.9,Iniciante,1013
Big Data,CodeLab,Curso,4,Misto,1460
Data Science com R,TechEdu,Especialização,3.7,Misto,4266
Data Science com R,DataMasters,Especialização,4.2,Iniciante,3233
Machine Learning,InovaCursos,Curso,2,Avançado,1972
Python para Iniciantes,InovaCursos,Especialização,3.7,Misto,978
SQL Básico,TechEdu,Especialização,3.7,Intermediário,1776
Machine Learning,DataMasters,Especialização,2.9,Avançado,3576
Machine Learning,DataMasters,Especialização,4,Intermediário,888
SQL Básico,InovaCursos,Especialização,2.7,Misto,4887
SQL Básico,TechEdu,Curso,3.3,Avançado,3054
Python para Iniciantes,CodeLab,Curso,1.4,Iniciante,2147
Data Science com R,CodeLab,Curso,3.6,Intermediário,2053
Data Science com R,CodeLab,Curso,4,Avançado,4446
Python para Iniciantes,TechEdu,Especialização,3.6,Intermediário,229
Big Data,InovaCursos,Curso,1.9,Iniciante,3572
SQL Básico,DataMasters,Especialização,1.2,Misto,917
SQL Básico,InovaCursos,Curso,4.6,Misto,4705
Big Data,TechEdu,Especialização,1.7,Iniciante,4341
Python para Iniciantes,InovaCursos,Especialização,4.4,Intermediário,3258
Big Data,CodeLab,Curso,3.1,Iniciante,3655
Data Science com R,CodeLab,Curso,2.2,Iniciante,4923
SQL Básico,TechEdu,Curso,4.2,Misto,2488
Big Data,CodeLab,Curso,4.3,Iniciante,650
SQL Básico,CodeLab,Especialização,4.5,Misto,269
Big Data,TechEdu,Curso,1.9,Intermediário,4838
Python para Iniciantes,CodeLab,Curso,1,Iniciante,3839
Data Science com R,InovaCursos,Curso,4.9,Avançado,1821
Python para Iniciantes,CodeLab,Curso,1.7,Intermediário,3627
Big Data,CodeLab,Especialização,4.3,Avançado,861
SQL Básico,DataMasters,Curso,3.1,Intermediário,4015
SQL Básico,TechEdu,Curso,3,Misto,3809
Machine Learning,InovaCursos,Especialização,2.3,Misto,910
Python para Iniciantes,TechEdu,Curso,1.4,Avançado,2635
Data Science com R,TechEdu,Curso,2.4,Avançado,728
Big Data,TechEdu,Curso,4.5,Avançado,431
Python para Iniciantes,TechEdu,Especialização,3.4,Misto,1586
SQL Básico,InovaCursos,Especialização,4.7,Avançado,1589
Python para Iniciantes,InovaCursos,Curso,2.1,Avançado,2874
Python para Iniciantes,TechEdu,Curso,3.1,Intermediário,4270
Machine Learning,CodeLab,Curso,2.2,Intermediário,1849
Big Data,DataMasters,Curso,3.4,Iniciante,4817
SQL Básico,InovaCursos,Especialização,2.9,Misto,3143
Data Science com R,TechEdu,Curso,4.1,Misto,2377
Machine Learning,CodeLab,Curso,2.9,Avançado,2333
SQL Básico,DataMasters,Especialização,2.7,Misto,2014
Data Science com R,TechEdu,Curso,4.3,Iniciante,2769
Data Science com R,TechEdu,Curso,2.4,Avançado,180
Big Data,InovaCursos,Curso,1.4,Avançado,1146
Python para Iniciantes,CodeLab,Especialização,1.8,Intermediário,2831
Machine Learning,CodeLab,Curso,1.3,Iniciante,624
SQL Básico,InovaCursos,Especialização,3.7,Avançado,3190
Python para Iniciantes,CodeLab,Curso,2.4,Avançado,3134
Big Data,CodeLab,Curso,3.9,Avançado,1948
Data Science com R,InovaCursos,Curso,3.6,Intermediário,954
Data Science com R,CodeLab,Curso,3,Misto,166
Machine Learning,DataMasters,Especialização,3.3,Intermediário,3521
Machine Learning,DataMasters,Curso,2.9,Iniciante,1969
Python para Iniciantes,DataMasters,Especialização,1.2,Avançado,3222
SQL Básico,DataMasters,Especialização,1.3,Avançado,1238
Python para Iniciantes,CodeLab,Curso,2.1,Intermediário,504
Big Data,DataMasters,Curso,4.3,Misto,3559
Data Science com R,CodeLab,Curso,3.6,Intermediário,4623
Python para Iniciantes,TechEdu,Curso,2.2,Iniciante,3842
Big Data,DataMasters,Curso,2.3,Intermediário,3600
Python para Iniciantes,InovaCursos,Especialização,4.7,Misto,1462
Python para Iniciantes,DataMasters,Curso,1.7,Avançado,2508
SQL Básico,InovaCursos,Especialização,3.7,Avançado,2924
Big Data,DataMasters,Curso,2.7,Intermediário,1764
Big Data,TechEdu,Curso,3,Misto,4684
Machine Learning,CodeLab,Curso,1.6,Avançado,4955
Python para Iniciantes,InovaCursos,Curso,4.9,Iniciante,1705
SQL Básico,TechEdu,Especialização,4.7,Misto,3712
Python para Iniciantes,TechEdu,Curso,4.3,Intermediário,2435
Data Science com R,DataMasters,Curso,4.5,Intermediário,3860
SQL Básico,DataMasters,Curso,3.9,Iniciante,3327
Big Data,DataMasters,Curso,3.8,Intermediário,3312
Python para Iniciantes,CodeLab,Curso,4.5,Avançado,4569
Big Data,DataMasters,Curso,3.7,Iniciante,650
Data Science com R,DataMasters,Especialização,1.7,Misto,805
Python para Iniciantes,TechEdu,Curso,2.9,Avançado,456
SQL Básico,CodeLab,Curso,1.9,Iniciante,3689
Data Science com R,TechEdu,Curso,4,Misto,1469
Machine Learning,InovaCursos,Curso,4.5,Intermediário,4530
SQL Básico,DataMasters,Especialização,2,Iniciante,1683
Python para Iniciantes,TechEdu,Curso,1.1,Iniciante,4435
Machine Learning,InovaCursos,Curso,3,Intermediário,3846
Data Science com R,CodeLab,Curso,4.5,Avançado,1105
Big Data,CodeLab,Curso,1.4,Misto,1200
Data Science com R,InovaCursos,Curso,2.8,Avançado,486
Machine Learning,InovaCursos,Especialização,4,Iniciante,4577
Big Data,TechEdu,Curso,2.7,Avançado,1765
Big Data,CodeLab,Especialização,3.8,Intermediário,2752
Big Data,TechEdu,Especialização,4.2,Misto,2474
SQL Básico,InovaCursos,Curso,4.6,Iniciante,3408
Data Science com R,InovaCursos,Curso,4.5,Misto,3643
Python para Iniciantes,DataMasters,Especialização,2.2,Avançado,3703
Python para Iniciantes,InovaCursos,Curso,4.3,Misto,3168
Python para Iniciantes,InovaCursos,Especialização,1.8,Intermediário,1163
Data Science com R,InovaCursos,Especialização,4.5,Intermediário,4060
Machine Learning,InovaCursos,Curso,1.9,Iniciante,3082
Python para Iniciantes,DataMasters,Especialização,1.3,Avançado,4179
Machine Learning,InovaCursos,Curso,3.1,Avançado,1011
Big Data,InovaCursos,Especialização,1.9,Iniciante,3279
Big Data,CodeLab,Curso,1.1,Misto,3295
Python para Iniciantes,InovaCursos,Especialização,1.7,Iniciante,4384
SQL Básico,TechEdu,Curso,3.4,Intermediário,1325
Big Data,TechEdu,Curso,1.2,Intermediário,4034
Python para Iniciantes,InovaCursos,Curso,2,Avançado,4000
Machine Learning,CodeLab,Especialização,4.3,Intermediário,3195
Data Science com R,InovaCursos,Curso,4.9,Iniciante,2450
Data Science com R,TechEdu,Curso,1,Avançado,846
Data Science com R,InovaCursos,Especialização,4.4,Iniciante,2714
Big Data,CodeLab,Especialização,2.5,Intermediário,1759
SQL Básico,CodeLab,Curso,4.9,Intermediário,4569
Machine Learning,CodeLab,Especialização,1.2,Misto,2670
Machine Learning,InovaCursos,Especialização,1.9,Iniciante,3270
Machine Learning,InovaCursos,Especialização,3,Iniciante,1065
Python para Iniciantes,CodeLab,Curso,4.9,Avançado,1509
SQL Básico,CodeLab,Especialização,3,Misto,4975
SQL Básico,CodeLab,Curso,3.9,Intermediário,983
Big Data,DataMasters,Especialização,1.1,Avançado,2769
Data Science com R,DataMasters,Curso,4.3,Intermediário,3076
Data Science com R,DataMasters,Especialização,1.2,Misto,4620
SQL Básico,DataMasters,Especialização,2.6,Misto,285
Machine Learning,DataMasters,Curso,3,Iniciante,61
Python para Iniciantes,CodeLab,Curso,3.5,Intermediário,2600
SQL Básico,TechEdu,Curso,1.7,Iniciante,1200
Python para Iniciantes,CodeLab,Curso,2.8,Avançado,4144
Machine Learning,TechEdu,Especialização,2.9,Misto,2975
SQL Básico,CodeLab,Especialização,4.8,Misto,4777
Big Data,CodeLab,Curso,3.4,Misto,3024
SQL Básico,CodeLab,Especialização,1.6,Misto,1053
SQL Básico,CodeLab,Especialização,3.9,Iniciante,3451
Python para Iniciantes,TechEdu,Curso,3.1,Avançado,4789
Big Data,InovaCursos,Especialização,3.6,Avançado,4484
Python para Iniciantes,DataMasters,Especialização,1.6,Misto,807
Big Data,InovaCursos,Especialização,2,Intermediário,4288
SQL Básico,DataMasters,Curso,1.1,Intermediário,2477
SQL Básico,TechEdu,Curso,4.6,Intermediário,619
Python para Iniciantes,DataMasters,Curso,1.2,Intermediário,669
Python para Iniciantes,InovaCursos,Especialização,2.9,Iniciante,271
SQL Básico,DataMasters,Curso,3.5,Avançado,1246
Data Science com R,CodeLab,Curso,3.4,Intermediário,1371
Machine Learning,TechEdu,Curso,4.2,Intermediário,1544
Big Data,DataMasters,Especialização,4,Avançado,3569
Python para Iniciantes,DataMasters,Curso,3.8,Avançado,1991
SQL Básico,InovaCursos,Curso,1.5,Misto,188
Data Science com R,DataMasters,Especialização,5,Avançado,3455
Big Data,DataMasters,Curso,1.4,Iniciante,2159
SQL Básico,CodeLab,Curso,2,Intermediário,1222
Python para Iniciantes,TechEdu,Curso,1.9,Misto,4194
Machine Learning,CodeLab,Curso,3.6,Misto,105
Data Science com R,CodeLab,Especialização,3,Intermediário,2561
Big Data,InovaCursos,Curso,2.6,Avançado,1111
Python para Iniciantes,CodeLab,Especialização,2.7,Iniciante,2581
Big Data,InovaCursos,Especialização,1.4,Iniciante,1033
SQL Básico,TechEdu,Curso,3.9,Intermediário,673
Data Science com R,CodeLab,Especialização,2.7,Iniciante,381
Python para Iniciantes,DataMasters,Especialização,1.8,Misto,77
Python para Iniciantes,CodeLab,Curso,3.9,Iniciante,3042
SQL Básico,InovaCursos,Curso,2.9,Iniciante,1624
Big Data,CodeLab,Curso,1.5,Iniciante,3276
Big Data,CodeLab,Curso,4.7,Intermediário,2368
SQL Básico,InovaCursos,Curso,4.9,Avançado,99
SQL Básico,InovaCursos,Especialização,4.8,Avançado,1792
Machine Learning,TechEdu,Especialização,4.1,Misto,3473
SQL Básico,DataMasters,Especialização,4,Intermediário,3050
Machine Learning,InovaCursos,Curso,2.6,Intermediário,4798
Python para Iniciantes,InovaCursos,Especialização,2.7,Intermediário,1572
Python para Iniciantes,DataMasters,Curso,1.3,Avançado,2669
Data Science com R,DataMasters,Curso,4.8,Misto,3777
SQL Básico,TechEdu,Especialização,2.1,Intermediário,4725
Big Data,DataMasters,Especialização,3.9,Misto,3510
Data Science com R,CodeLab,Curso,4,Avançado,595
Python para Iniciantes,DataMasters,Especialização,3.3,Intermediário,436
Big Data,TechEdu,Curso,2.2,Avançado,1068
Python para Iniciantes,InovaCursos,Especialização,1.2,Misto,2960
SQL Básico,DataMasters,Especialização,1.6,Misto,994
Python para Iniciantes,CodeLab,Curso,1.9,Avançado,935
Machine Learning,DataMasters,Curso,4.2,Intermediário,3034
Python para Iniciantes,DataMasters,Especialização,2,Avançado,1566
Data Science com R,InovaCursos,Curso,4.2,Iniciante,1747
Machine Learning,TechEdu,Curso,2.4,Misto,3416
Data Science com R,TechEdu,Curso,2,Iniciante,2745
Data Science com R,DataMasters,Especialização,4.5,Avançado,836
Python para Iniciantes,DataMasters,Especialização,3.2,Avançado,2133
SQL Básico,DataMasters,Curso,4.7,Avançado,183
Data Science com R,InovaCursos,Especialização,4.4,Avançado,926
Data Science com R,CodeLab,Especialização,1.8,Avançado,2621
Data Science com R,TechEdu,Curso,1.8,Misto,1973
Data Science com R,InovaCursos,Especialização,1.6,Avançado,1315
Machine Learning,TechEdu,Curso,1.4,Avançado,2342
Data Science com R,InovaCursos,Especialização,1.9,Iniciante,1210
SQL Básico,TechEdu,Especialização,3.4,Misto,884
SQL Básico,TechEdu,Especialização,4.1,Iniciante,3996
SQL Básico,InovaCursos,Curso,3.5,Avançado,3272
Machine Learning,TechEdu,Especialização,1.1,Iniciante,2532
Machine Learning,CodeLab,Curso,4.3,Misto,1353
Machine Learning,CodeLab,Especialização,2.1,Iniciante,3089
Data Science com R,CodeLab,Curso,2.4,Avançado,4201
Python para Iniciantes,CodeLab,Curso,2.9,Intermediário,358
Python para Iniciantes,TechEdu,Especialização,3,Avançado,4343
Big Data,InovaCursos,Curso,1.2,Iniciante,4124
SQL Básico,TechEdu,Especialização,2.4,Avançado,855
Data Science com R,CodeLab,Curso,2.6,Misto,4112
SQL Básico,DataMasters,Especialização,2.5,Misto,1062
Data Science com R,TechEdu,Especialização,2.1,Iniciante,1290
SQL Básico,TechEdu,Curso,3,Avançado,2487
SQL Básico,TechEdu,Curso,4.8,Intermediário,1064
Data Science com R,DataMasters,Curso,2.7,Misto,1243
Machine Learning,TechEdu,Curso,1.3,Iniciante,1347
Data Science com R,CodeLab,Curso,3.3,Intermediário,1456
Data Science com R,CodeLab,Curso,1.4,Intermediário,3234
SQL Básico,DataMasters,Curso,2.2,Intermediário,2984
Data Science com R,DataMasters,Curso,3.7,Intermediário,159
Data Science com R,DataMasters,Curso,1.9,Avançado,3496
Python para Iniciantes,TechEdu,Curso,2.1,Iniciante,2312
Machine Learning,InovaCursos,Curso,3.1,Iniciante,4817
SQL Básico,DataMasters,Especialização,4.9,Misto,1549
Data Science com R,InovaCursos,Curso,2.3,Intermediário,1558
Data Science com R,CodeLab,Especialização,4.4,Iniciante,2152
Data Science com R,InovaCursos,Curso,4.9,Avançado,137
Python para Iniciantes,DataMasters,Curso,4.6,Avançado,2336
SQL Básico,TechEdu,Especialização,2.1,Intermediário,831
Data Science com R,TechEdu,Curso,2.5,Misto,537
Python para Iniciantes,DataMasters,Especialização,3.6,Avançado,3502
Machine Learning,TechEdu,Especialização,4.6,Avançado,4453
Machine Learning,CodeLab,Especialização,3.5,Iniciante,3286
Big Data,DataMasters,Especialização,2.9,Intermediário,2089
Machine Learning,InovaCursos,Curso,3.4,Iniciante,3536
Machine Learning,InovaCursos,Especialização,1.2,Misto,3727
Python para Iniciantes,TechEdu,Curso,1.5,Avançado,4618
Machine Learning,InovaCursos,Curso,4.8,Avançado,3168
SQL Básico,InovaCursos,Especialização,2.6,Intermediário,1632
Machine Learning,InovaCursos,Curso,4.3,Misto,2504
SQL Básico,CodeLab,Curso,1.3,Avançado,306
Big Data,DataMasters,Curso,1.2,Avançado,3049
Data Science com R,DataMasters,Especialização,3.4,Intermediário,4142
SQL Básico,CodeLab,Especialização,2.9,Iniciante,2411
Big Data,TechEdu,Curso,1.9,Misto,3507
Big Data,InovaCursos,Especialização,3,Intermediário,1474
Python para Iniciantes,DataMasters,Especialização,4.1,Intermediário,2962
SQL Básico,TechEdu,Especialização,2,Iniciante,3612
Data Science com R,TechEdu,Curso,3.4,Avançado,2770
SQL Básico,InovaCursos,Curso,2.2,Misto,1871
Big Data,TechEdu,Especialização,1.2,Iniciante,4635
Data Science com R,DataMasters,Especialização,2.2,Iniciante,3695
Python para Iniciantes,DataMasters,Especialização,1.5,Misto,4157
Data Science com R,InovaCursos,Especialização,4.8,Avançado,2275
Data Science com R,InovaCursos,Curso,2.8,Iniciante,3787
SQL Básico,InovaCursos,Especialização,5,Misto,4716
SQL Básico,InovaCursos,Curso,1.2,Misto,2889
Machine Learning,InovaCursos,Especialização,1.4,Misto,3307
Big Data,InovaCursos,Especialização,1.5,Misto,2640
Machine Learning,TechEdu,Curso,2.9,Iniciante,830
Data Science com R,TechEdu,Curso,3,Avançado,1850
Data Science com R,CodeLab,Curso,4.2,Intermediário,268
Big Data,DataMasters,Curso,3.4,Avançado,2780
Big Data,CodeLab,Especialização,4.5,Avançado,2623
Big Data,DataMasters,Curso,1.2,Iniciante,3122
SQL Básico,DataMasters,Especialização,1.4,Iniciante,4080
Machine Learning,TechEdu,Curso,4.9,Intermediário,2633
Python para Iniciantes,CodeLab,Especialização,1.8,Intermediário,3042
Machine Learning,InovaCursos,Especialização,2.5,Intermediário,3253
SQL Básico,CodeLab,Especialização,2.3,Iniciante,2589
Data Science com R,InovaCursos,Curso,3.4,Misto,2543
Machine Learning,TechEdu,Curso,3,Intermediário,2948
Data Science com R,TechEdu,Curso,1.9,Avançado,2358
Data Science com R,CodeLab,Especialização,2.1,Misto,1640
Big Data,TechEdu,Curso,3.8,Intermediário,3896
Python para Iniciantes,DataMasters,Especialização,5,Misto,4404
Data Science com R,DataMasters,Curso,1.4,Misto,4957
Machine Learning,InovaCursos,Curso,4.6,Iniciante,4723
SQL Básico,CodeLab,Especialização,1.8,Avançado,2120
Data Science com R,CodeLab,Especialização,2.9,Misto,3286
Python para Iniciantes,CodeLab,Curso,3.9,Avançado,1590
SQL Básico,CodeLab,Especialização,1.1,Misto,3343
SQL Básico,TechEdu,Especialização,4.6,Iniciante,1543
Big Data,InovaCursos,Curso,3.9,Iniciante,1547
SQL Básico,TechEdu,Especialização,4.1,Iniciante,3741
Data Science com R,InovaCursos,Curso,3,Avançado,4395
Big Data,CodeLab,Especialização,4.6,Iniciante,50
SQL Básico,TechEdu,Curso,1.3,Iniciante,2517
Data Science com R,TechEdu,Curso,3.1,Misto,104
Python para Iniciantes,CodeLab,Especialização,5,Avançado,1621
SQL Básico,DataMasters,Curso,1.6,Iniciante,3293
Machine Learning,DataMasters,Especialização,3.7,Misto,2501
Python para Iniciantes,TechEdu,Curso,2.4,Misto,1100
Machine Learning,InovaCursos,Especialização,2.3,Avançado,2915
Machine Learning,CodeLab,Especialização,4.2,Misto,4324
Data Science com R,CodeLab,Curso,2.9,Intermediário,3931
SQL Básico,DataMasters,Especialização,1.3,Avançado,4805
Python para Iniciantes,InovaCursos,Especialização,1.3,Misto,303
Big Data,CodeLab,Especialização,1.6,Iniciante,378
SQL Básico,TechEdu,Especialização,2.9,Misto,225
Big Data,CodeLab,Especialização,3,Misto,1572
Python para Iniciantes,CodeLab,Curso,1.9,Misto,3545
Data Science com R,TechEdu,Especialização,1.2,Misto,4688
Big Data,InovaCursos,Especialização,2.8,Avançado,766
Machine Learning,InovaCursos,Especialização,4.7,Avançado,4664
Machine Learning,InovaCursos,Especialização,1,Intermediário,1615
SQL Básico,CodeLab,Curso,3.4,Intermediário,279
Big Data,TechEdu,Curso,3.5,Iniciante,3108
Big Data,DataMasters,Curso,3.7,Iniciante,4967
Data Science com R,CodeLab,Curso,2.3,Intermediário,959
Machine Learning,DataMasters,Especialização,3.6,Intermediário,4165
SQL Básico,TechEdu,Especialização,3.6,Intermediário,2942
Data Science com R,TechEdu,Especialização,1.7,Misto,4452
SQL Básico,TechEdu,Curso,3.6,Misto,133
Machine Learning,DataMasters,Especialização,2.1,Iniciante,815
Python para Iniciantes,DataMasters,Especialização,3.3,Iniciante,1832
Big Data,InovaCursos,Especialização,4.8,Iniciante,1042
SQL Básico,CodeLab,Especialização,2.2,Iniciante,2612
Python para Iniciantes,CodeLab,Especialização,3.2,Intermediário,1872
Data Science com R,InovaCursos,Curso,2.5,Iniciante,3743
Data Science com R,CodeLab,Especialização,4.7,Misto,443
Python para Iniciantes,DataMasters,Curso,3.2,Misto,3321
Big Data,DataMasters,Curso,4.6,Misto,140
Python para Iniciantes,DataMasters,Especialização,1.7,Iniciante,1870
Big Data,CodeLab,Curso,1.6,Iniciante,1949
Machine Learning,TechEdu,Curso,1.2,Intermediário,90
Big Data,CodeLab,Especialização,1.1,Intermediário,349
Python para Iniciantes,TechEdu,Curso,4.9,Iniciante,941
Machine Learning,TechEdu,Especialização,2.1,Intermediário,3883
Data Science com R,DataMasters,Especialização,2.1,Misto,1311
Python para Iniciantes,InovaCursos,Curso,1.3,Intermediário,2828
Data Science com R,TechEdu,Especialização,3.9,Iniciante,2671
Data Science com R,InovaCursos,Especialização,4.6,Iniciante,676
SQL Básico,TechEdu,Curso,1.2,Iniciante,3540
Data Science com R,CodeLab,Especialização,4,Iniciante,703
Machine Learning,TechEdu,Curso,4.7,Intermediário,4238
Machine Learning,TechEdu,Curso,4.1,Intermediário,3116
Python para Iniciantes,InovaCursos,Especialização,4.6,Misto,398
Python para Iniciantes,CodeLab,Curso,1,Misto,3795
SQL Básico,TechEdu,Especialização,2.8,Iniciante,4586
SQL Básico,DataMasters,Curso,2.2,Iniciante,1387
Data Science com R,CodeLab,Curso,3.9,Intermediário,2647
Python para Iniciantes,CodeLab,Especialização,3.6,Avançado,1501
Machine Learning,TechEdu,Curso,1.6,Iniciante,2252
Data Science com R,TechEdu,Especialização,2.5,Intermediário,84
SQL Básico,InovaCursos,Curso,3.4,Intermediário,648
Data Science com R,CodeLab,Especialização,1.1,Intermediário,413
SQL Básico,TechEdu,Especialização,1,Avançado,1352
SQL Básico,InovaCursos,Especialização,4,Iniciante,1968
Data Science com R,DataMasters,Especialização,4,Iniciante,646
Data Science com R,InovaCursos,Curso,3.6,Iniciante,3767
Python para Iniciantes,CodeLab,Curso,4.6,Misto,1496
Python para Iniciantes,TechEdu,Especialização,3.2,Intermediário,1718
Big Data,TechEdu,Curso,4.3,Misto,4313
Machine Learning,TechEdu,Curso,2.4,Misto,1294
Python para Iniciantes,TechEdu,Curso,4.7,Intermediário,4896
Data Science com R,CodeLab,Curso,3.3,Iniciante,4951
Python para Iniciantes,CodeLab,Especialização,4.4,Iniciante,3774
Data Science com R,DataMasters,Curso,3.5,Iniciante,318
Big Data,CodeLab,Especialização,1.5,Intermediário,973
Python para Iniciantes,DataMasters,Curso,3.8,Misto,514
SQL Básico,InovaCursos,Especialização,3.5,Iniciante,3013
Big Data,InovaCursos,Especialização,2,Intermediário,4786
Big Data,DataMasters,Curso,1.5,Misto,222
Data Science com R,DataMasters,Curso,1.9,Intermediário,2037
Machine Learning,InovaCursos,Especialização,1.6,Misto,214
Machine Learning,InovaCursos,Curso,2,Misto,3588
Big Data,DataMasters,Curso,2.5,Misto,2479
Big Data,CodeLab,Especialização,4.3,Iniciante,4999
Python para Iniciantes,InovaCursos,Curso,2,Intermediário,1455
Python para Iniciantes,DataMasters,Curso,3.6,Intermediário,689
Python para Iniciantes,TechEdu,Especialização,3.5,Avançado,1345
Machine Learning,CodeLab,Curso,3.3,Avançado,2045
SQL Básico,DataMasters,Curso,4.2,Avançado,1566
SQL Básico,TechEdu,Curso,3.7,Misto,4713
Python para Iniciantes,InovaCursos,Especialização,1.4,Iniciante,445
Python para Iniciantes,TechEdu,Curso,1.4,Intermediário,2459
SQL Básico,DataMasters,Especialização,4.7,Intermediário,2322
Big Data,DataMasters,Curso,3.3,Intermediário,3577
Data Science com R,TechEdu,Curso,2.9,Iniciante,4446
Data Science com R,TechEdu,Especialização,3.3,Avançado,667
SQL Básico,TechEdu,Especialização,4.7,Iniciante,1693
Machine Learning,CodeLab,Especialização,4.8,Intermediário,3460
SQL Básico,DataMasters,Curso,1.3,Intermediário,3813
Machine Learning,TechEdu,Especialização,1.3,Misto,4249
Data Science com R,CodeLab,Curso,3,Misto,891
Data Science com R,TechEdu,Especialização,1.8,Intermediário,4388
Big Data,CodeLab,Curso,4.4,Avançado,2573
Python para Iniciantes,DataMasters,Curso,2,Intermediário,4871
Data Science com R,DataMasters,Especialização,4.7,Misto,4394
Big Data,TechEdu,Curso,3.2,Intermediário,2794
Big Data,InovaCursos,Especialização,2.8,Misto,573
Data Science com R,InovaCursos,Especialização,4.8,Avançado,277
SQL Básico,DataMasters,Especialização,4.8,Avançado,2736
Python para Iniciantes,DataMasters,Especialização,1.3,Intermediário,857
SQL Básico,TechEdu,Especialização,4.7,Misto,598
Python para Iniciantes,TechEdu,Especialização,3.5,Iniciante,3694
Big Data,DataMasters,Especialização,2.5,Intermediário,311
Python para Iniciantes,CodeLab,Curso,3.7,Intermediário,3938
Python para Iniciantes,InovaCursos,Curso,3.9,Misto,4248
Data Science com R,CodeLab,Curso,1.9,Intermediário,1260
Python para Iniciantes,CodeLab,Especialização,1.6,Misto,555
Big Data,CodeLab,Especialização,1.5,Misto,881
Data Science com R,DataMasters,Especialização,3.7,Misto,248
Big Data,DataMasters,Especialização,3.5,Iniciante,2760
Big Data,DataMasters,Curso,4.6,Misto,1624
Python para Iniciantes,DataMasters,Especialização,3.9,Misto,3621
Data Science com R,CodeLab,Especialização,3.6,Intermediário,57
Machine Learning,TechEdu,Curso,1.2,Intermediário,3456
Machine Learning,DataMasters,Curso,4.7,Misto,425
Python para Iniciantes,DataMasters,Curso,1.6,Misto,3094
Machine Learning,DataMasters,Curso,2.2,Iniciante,1852
Python para Iniciantes,InovaCursos,Especialização,2.5,Avançado,2863
Big Data,TechEdu,Curso,3.3,Misto,813
Machine Learning,DataMasters,Especialização,2.3,Avançado,326
Data Science com R,InovaCursos,Curso,4.3,Intermediário,1261
Machine Learning,InovaCursos,Especialização,2.5,Iniciante,1103
Big Data,TechEdu,Especialização,4.5,Intermediário,2126
Data Science com R,CodeLab,Curso,2.4,Misto,4649
Python para Iniciantes,TechEdu,Especialização,4.3,Misto,4566
Machine Learning,TechEdu,Especialização,1,Avançado,3855
SQL Básico,DataMasters,Curso,2.8,Iniciante,4634
SQL Básico,DataMasters,Curso,1.2,Intermediário,1562
SQL Básico,CodeLab,Curso,2.7,Iniciante,1062
Big Data,DataMasters,Curso,3,Avançado,2117
Big Data,DataMasters,Curso,4.5,Iniciante,2422
Machine Learning,TechEdu,Especialização,4.4,Avançado,4783
Data Science com R,TechEdu,Curso,2.9,Avançado,68
SQL Básico,CodeLab,Curso,2.3,Avançado,3080
SQL Básico,DataMasters,Especialização,3.8,Avançado,3358
SQL Básico,CodeLab,Especialização,1.4,Intermediário,4912
Python para Iniciantes,DataMasters,Curso,1.7,Misto,4402
Big Data,CodeLab,Curso,4.9,Misto,1361
